SKU,Nombre,Descripción corta,Descripción,Cantidad,Precio normal,"Requiere Calcular Iva (1=Si,0=No)",Imágenes,Título SEO,Palabra clave de SEO,Descripción SEO
JUEBOQ6,"Juego de Boquilla de 6"" Bushing","<p class=""whitespace-pre-wrap""><strong>Material:</strong> Acero galvanizado EMT 2400</p><p class=""whitespace-pre-wrap""><strong>Cantidad de salidas:</strong> 7 salidas roscadas</p><p class=""whitespace-pre-wrap""><strong>Roscado de salidas:</strong> NPT 1/2""</p><strong>Certificación:</strong> UL 514A","<strong>Descripción del Producto: Juego de Boquilla de Bushing para Conexiones Eléctricas</strong>\n\nEl <em><strong>Juego de Boquilla de Bushing</strong></em> se presenta como una solución integral y altamente confiable para satisfacer las demandas de conexiones eléctricas en diversos entornos. Este conjunto de boquillas y bushings destaca por su calidad superior y su diseño robusto, asegurando un rendimiento duradero en una amplia gama de aplicaciones eléctricas.\n\nEste juego, compuesto por componentes meticulosamente fabricados, ofrece una respuesta eficaz para quienes buscan establecer conexiones eléctricas seguras y duraderas. La versatilidad del juego se refleja en su capacidad para adaptarse a diferentes contextos, desde proyectos residenciales hasta entornos industriales exigentes.\n\n<strong>Aplicaciones del Producto:</strong>\n<ul>\n 	<li><em><strong>Proyectos Residenciales:</strong></em> El <em><strong>Juego de Boquilla de Bushing</strong></em> es ideal para proyectos residenciales, asegurando conexiones eléctricas seguras y confiables en el entorno del hogar.</li>\n 	<li><em><strong>Entornos Comerciales:</strong></em> En aplicaciones comerciales, donde la estabilidad y la durabilidad son cruciales, este juego garantiza conexiones eléctricas que cumplen con los estándares más exigentes.</li>\n 	<li><em><strong>Instalaciones Industriales:</strong></em> Su robustez y resistencia lo hacen perfecto para entornos industriales, donde las condiciones adversas requieren soluciones eléctricas de alta calidad.</li>\n 	<li><em><strong>Proyectos de Cableado:</strong></em> Esencial en proyectos de cableado, este juego ofrece una solución completa para establecer conexiones eléctricas eficientes y duraderas.</li>\n</ul>",0,71850,1,https://electrificadoracapital.com/wp-content/uploads/2021/02/WhatsApp-Image-2021-02-05-at-11.03.55-AM-3.jpeg,"Juego de Boquilla de 6"" Bushing",Juego de Boquilla de 6 Bushing Descripción del Producto Juego,"Descubre Juego de Boquilla de 6"" Bushing, ideal para Tubería Metálica. Material: Acero galvanizado EMT 2400Cantidad de salidas: 7 salidas roscadasRoscado... Encuentra la solución perfecta para tus necesidades con nuestras opciones versátiles."
JUEBOQ4,"Juego de Boquilla de 4"" Bushing","<p class=""whitespace-pre-wrap""><strong>Material:</strong> Acero galvanizado EMT 2400</p><p class=""whitespace-pre-wrap""><strong>Cantidad de salidas:</strong> 7 salidas roscadas</p><p class=""whitespace-pre-wrap""><strong>Roscado de salidas:</strong> NPT 1/2""</p><strong>Certificación:</strong> UL 514A","<strong>Descripción del Producto: Juego de Boquilla de Bushing para Conexiones Eléctricas</strong>\n\nEl <em><strong>Juego de Boquilla de Bushing</strong></em> se presenta como una solución integral y altamente confiable para satisfacer las demandas de conexiones eléctricas en diversos entornos. Este conjunto de boquillas y bushings destaca por su calidad superior y su diseño robusto, asegurando un rendimiento duradero en una amplia gama de aplicaciones eléctricas.\n\nEste juego, compuesto por componentes meticulosamente fabricados, ofrece una respuesta eficaz para quienes buscan establecer conexiones eléctricas seguras y duraderas. La versatilidad del juego se refleja en su capacidad para adaptarse a diferentes contextos, desde proyectos residenciales hasta entornos industriales exigentes.\n\n<strong>Aplicaciones del Producto:</strong>\n<ul>\n 	<li><em><strong>Proyectos Residenciales:</strong></em> El <em><strong>Juego de Boquilla de Bushing</strong></em> es ideal para proyectos residenciales, asegurando conexiones eléctricas seguras y confiables en el entorno del hogar.</li>\n 	<li><em><strong>Entornos Comerciales:</strong></em> En aplicaciones comerciales, donde la estabilidad y la durabilidad son cruciales, este juego garantiza conexiones eléctricas que cumplen con los estándares más exigentes.</li>\n 	<li><em><strong>Instalaciones Industriales:</strong></em> Su robustez y resistencia lo hacen perfecto para entornos industriales, donde las condiciones adversas requieren soluciones eléctricas de alta calidad.</li>\n 	<li><em><strong>Proyectos de Cableado:</strong></em> Esencial en proyectos de cableado, este juego ofrece una solución completa para establecer conexiones eléctricas eficientes y duraderas.</li>\n</ul>",0,23100,1,https://electrificadoracapital.com/wp-content/uploads/2021/02/WhatsApp-Image-2021-02-05-at-11.03.55-AM-3.jpeg,"Juego de Boquilla de 4"" Bushing",Juego de Boquilla de 4 Bushing Descripción del Producto Juego,"Descubre Juego de Boquilla de 4"" Bushing, ideal para Tubería Metálica. Material: Acero galvanizado EMT 2400Cantidad de salidas: 7 salidas roscadasRoscado... Encuentra la solución perfecta para tus necesidades con nuestras opciones versátiles."
JUEBOQ3/4,Juego de Boquilla de 3/4 Bushing,"<p class=""whitespace-pre-wrap""><strong>Material:</strong> Acero galvanizado EMT 2400</p><p class=""whitespace-pre-wrap""><strong>Cantidad de salidas:</strong> 7 salidas roscadas</p><p class=""whitespace-pre-wrap""><strong>Roscado de salidas:</strong> NPT 1/2""</p><strong>Certificación:</strong> UL 514A","<strong>Descripción del Producto: Juego de Boquilla de Bushing para Conexiones Eléctricas</strong>\n\nEl <em><strong>Juego de Boquilla de Bushing</strong></em> se presenta como una solución integral y altamente confiable para satisfacer las demandas de conexiones eléctricas en diversos entornos. Este conjunto de boquillas y bushings destaca por su calidad superior y su diseño robusto, asegurando un rendimiento duradero en una amplia gama de aplicaciones eléctricas.\n\nEste juego, compuesto por componentes meticulosamente fabricados, ofrece una respuesta eficaz para quienes buscan establecer conexiones eléctricas seguras y duraderas. La versatilidad del juego se refleja en su capacidad para adaptarse a diferentes contextos, desde proyectos residenciales hasta entornos industriales exigentes.\n\n<strong>Aplicaciones del Producto:</strong>\n<ul>\n 	<li><em><strong>Proyectos Residenciales:</strong></em> El <em><strong>Juego de Boquilla de Bushing</strong></em> es ideal para proyectos residenciales, asegurando conexiones eléctricas seguras y confiables en el entorno del hogar.</li>\n 	<li><em><strong>Entornos Comerciales:</strong></em> En aplicaciones comerciales, donde la estabilidad y la durabilidad son cruciales, este juego garantiza conexiones eléctricas que cumplen con los estándares más exigentes.</li>\n 	<li><em><strong>Instalaciones Industriales:</strong></em> Su robustez y resistencia lo hacen perfecto para entornos industriales, donde las condiciones adversas requieren soluciones eléctricas de alta calidad.</li>\n 	<li><em><strong>Proyectos de Cableado:</strong></em> Esencial en proyectos de cableado, este juego ofrece una solución completa para establecer conexiones eléctricas eficientes y duraderas.</li>\n</ul>",0,1450,1,https://electrificadoracapital.com/wp-content/uploads/2021/02/WhatsApp-Image-2021-02-05-at-11.03.55-AM-3.jpeg,Juego de Boquilla de 3/4 Bushing,Juego de Boquilla de 34 Bushing Descripción del Producto Juego,"Descubre Juego de Boquilla de 3/4 Bushing, ideal para Tubería Metálica. Material: Acero galvanizado EMT 2400Cantidad de salidas: 7 salidas roscadasRoscado... Encuentra la solución perfecta para tus necesidades con nuestras opciones versátiles."
JUEBOQ3,"Juego de Boquilla de 3"" Bushing","<p class=""whitespace-pre-wrap""><strong>Material:</strong> Acero galvanizado EMT 2400</p><p class=""whitespace-pre-wrap""><strong>Cantidad de salidas:</strong> 7 salidas roscadas</p><p class=""whitespace-pre-wrap""><strong>Roscado de salidas:</strong> NPT 1/2""</p><strong>Certificación:</strong> UL 514A","<strong>Descripción del Producto: Juego de Boquilla de Bushing para Conexiones Eléctricas</strong>\n\nEl <em><strong>Juego de Boquilla de Bushing</strong></em> se presenta como una solución integral y altamente confiable para satisfacer las demandas de conexiones eléctricas en diversos entornos. Este conjunto de boquillas y bushings destaca por su calidad superior y su diseño robusto, asegurando un rendimiento duradero en una amplia gama de aplicaciones eléctricas.\n\nEste juego, compuesto por componentes meticulosamente fabricados, ofrece una respuesta eficaz para quienes buscan establecer conexiones eléctricas seguras y duraderas. La versatilidad del juego se refleja en su capacidad para adaptarse a diferentes contextos, desde proyectos residenciales hasta entornos industriales exigentes.\n\n<strong>Aplicaciones del Producto:</strong>\n<ul>\n 	<li><em><strong>Proyectos Residenciales:</strong></em> El <em><strong>Juego de Boquilla de Bushing</strong></em> es ideal para proyectos residenciales, asegurando conexiones eléctricas seguras y confiables en el entorno del hogar.</li>\n 	<li><em><strong>Entornos Comerciales:</strong></em> En aplicaciones comerciales, donde la estabilidad y la durabilidad son cruciales, este juego garantiza conexiones eléctricas que cumplen con los estándares más exigentes.</li>\n 	<li><em><strong>Instalaciones Industriales:</strong></em> Su robustez y resistencia lo hacen perfecto para entornos industriales, donde las condiciones adversas requieren soluciones eléctricas de alta calidad.</li>\n 	<li><em><strong>Proyectos de Cableado:</strong></em> Esencial en proyectos de cableado, este juego ofrece una solución completa para establecer conexiones eléctricas eficientes y duraderas.</li>\n</ul>",0,14900,1,https://electrificadoracapital.com/wp-content/uploads/2021/02/WhatsApp-Image-2021-02-05-at-11.03.55-AM-3.jpeg,"Juego de Boquilla de 3"" Bushing",Juego de Boquilla de 3 Bushing Descripción del Producto Juego,"Descubre Juego de Boquilla de 3"" Bushing, ideal para Tubería Metálica. Material: Acero galvanizado EMT 2400Cantidad de salidas: 7 salidas roscadasRoscado... Encuentra la solución perfecta para tus necesidades con nuestras opciones versátiles."
JUEBOQ2,"Juego de Boquilla de 2"" Bushing","<p class=""whitespace-pre-wrap""><strong>Material:</strong> Acero galvanizado EMT 2400</p><p class=""whitespace-pre-wrap""><strong>Cantidad de salidas:</strong> 7 salidas roscadas</p><p class=""whitespace-pre-wrap""><strong>Roscado de salidas:</strong> NPT 1/2""</p><strong>Certificación:</strong> UL 514A","<strong>Descripción del Producto: Juego de Boquilla de Bushing para Conexiones Eléctricas</strong>\n\nEl <em><strong>Juego de Boquilla de Bushing</strong></em> se presenta como una solución integral y altamente confiable para satisfacer las demandas de conexiones eléctricas en diversos entornos. Este conjunto de boquillas y bushings destaca por su calidad superior y su diseño robusto, asegurando un rendimiento duradero en una amplia gama de aplicaciones eléctricas.\n\nEste juego, compuesto por componentes meticulosamente fabricados, ofrece una respuesta eficaz para quienes buscan establecer conexiones eléctricas seguras y duraderas. La versatilidad del juego se refleja en su capacidad para adaptarse a diferentes contextos, desde proyectos residenciales hasta entornos industriales exigentes.\n\n<strong>Aplicaciones del Producto:</strong>\n<ul>\n 	<li><em><strong>Proyectos Residenciales:</strong></em> El <em><strong>Juego de Boquilla de Bushing</strong></em> es ideal para proyectos residenciales, asegurando conexiones eléctricas seguras y confiables en el entorno del hogar.</li>\n 	<li><em><strong>Entornos Comerciales:</strong></em> En aplicaciones comerciales, donde la estabilidad y la durabilidad son cruciales, este juego garantiza conexiones eléctricas que cumplen con los estándares más exigentes.</li>\n 	<li><em><strong>Instalaciones Industriales:</strong></em> Su robustez y resistencia lo hacen perfecto para entornos industriales, donde las condiciones adversas requieren soluciones eléctricas de alta calidad.</li>\n 	<li><em><strong>Proyectos de Cableado:</strong></em> Esencial en proyectos de cableado, este juego ofrece una solución completa para establecer conexiones eléctricas eficientes y duraderas.</li>\n</ul>",0,6000,1,https://electrificadoracapital.com/wp-content/uploads/2021/02/WhatsApp-Image-2021-02-05-at-11.03.55-AM-3.jpeg,"Juego de Boquilla de 2"" Bushing",Juego de Boquilla de 2 Bushing Descripción del Producto Juego,"Descubre Juego de Boquilla de 2"" Bushing, ideal para Tubería Metálica. Material: Acero galvanizado EMT 2400Cantidad de salidas: 7 salidas roscadasRoscado... Encuentra la solución perfecta para tus necesidades con nuestras opciones versátiles."
JUEBOQ11/4,Juego de Boquilla de 11/4 Bushing,"<p class=""whitespace-pre-wrap""><strong>Material:</strong> Acero galvanizado EMT 2400</p><p class=""whitespace-pre-wrap""><strong>Cantidad de salidas:</strong> 7 salidas roscadas</p><p class=""whitespace-pre-wrap""><strong>Roscado de salidas:</strong> NPT 1/2""</p><strong>Certificación:</strong> UL 514A","<strong>Descripción del Producto: Juego de Boquilla de Bushing para Conexiones Eléctricas</strong>\n\nEl <em><strong>Juego de Boquilla de Bushing</strong></em> se presenta como una solución integral y altamente confiable para satisfacer las demandas de conexiones eléctricas en diversos entornos. Este conjunto de boquillas y bushings destaca por su calidad superior y su diseño robusto, asegurando un rendimiento duradero en una amplia gama de aplicaciones eléctricas.\n\nEste juego, compuesto por componentes meticulosamente fabricados, ofrece una respuesta eficaz para quienes buscan establecer conexiones eléctricas seguras y duraderas. La versatilidad del juego se refleja en su capacidad para adaptarse a diferentes contextos, desde proyectos residenciales hasta entornos industriales exigentes.\n\n<strong>Aplicaciones del Producto:</strong>\n<ul>\n 	<li><em><strong>Proyectos Residenciales:</strong></em> El <em><strong>Juego de Boquilla de Bushing</strong></em> es ideal para proyectos residenciales, asegurando conexiones eléctricas seguras y confiables en el entorno del hogar.</li>\n 	<li><em><strong>Entornos Comerciales:</strong></em> En aplicaciones comerciales, donde la estabilidad y la durabilidad son cruciales, este juego garantiza conexiones eléctricas que cumplen con los estándares más exigentes.</li>\n 	<li><em><strong>Instalaciones Industriales:</strong></em> Su robustez y resistencia lo hacen perfecto para entornos industriales, donde las condiciones adversas requieren soluciones eléctricas de alta calidad.</li>\n 	<li><em><strong>Proyectos de Cableado:</strong></em> Esencial en proyectos de cableado, este juego ofrece una solución completa para establecer conexiones eléctricas eficientes y duraderas.</li>\n</ul>",0,3250,1,https://electrificadoracapital.com/wp-content/uploads/2021/02/WhatsApp-Image-2021-02-05-at-11.03.55-AM-3.jpeg,Juego de Boquilla de 11/4 Bushing,Juego de Boquilla de 114 Bushing Descripción del Producto Juego,"Descubre Juego de Boquilla de 11/4 Bushing, ideal para Tubería Metálica. Material: Acero galvanizado EMT 2400Cantidad de salidas: 7 salidas roscadasRoscado... Encuentra la solución perfecta para tus necesidades con nuestras opciones versátiles."
JUEBOQ1/2,Juego de Boquilla de 1/2 Bushing,"<p class=""whitespace-pre-wrap""><strong>Material:</strong> Acero galvanizado EMT 2400</p><p class=""whitespace-pre-wrap""><strong>Cantidad de salidas:</strong> 7 salidas roscadas</p><p class=""whitespace-pre-wrap""><strong>Roscado de salidas:</strong> NPT 1/2""</p><strong>Certificación:</strong> UL 514A","<strong>Descripción del Producto: Juego de Boquilla de Bushing para Conexiones Eléctricas</strong>\n\nEl <em><strong>Juego de Boquilla de Bushing</strong></em> se presenta como una solución integral y altamente confiable para satisfacer las demandas de conexiones eléctricas en diversos entornos. Este conjunto de boquillas y bushings destaca por su calidad superior y su diseño robusto, asegurando un rendimiento duradero en una amplia gama de aplicaciones eléctricas.\n\nEste juego, compuesto por componentes meticulosamente fabricados, ofrece una respuesta eficaz para quienes buscan establecer conexiones eléctricas seguras y duraderas. La versatilidad del juego se refleja en su capacidad para adaptarse a diferentes contextos, desde proyectos residenciales hasta entornos industriales exigentes.\n\n<strong>Aplicaciones del Producto:</strong>\n<ul>\n 	<li><em><strong>Proyectos Residenciales:</strong></em> El <em><strong>Juego de Boquilla de Bushing</strong></em> es ideal para proyectos residenciales, asegurando conexiones eléctricas seguras y confiables en el entorno del hogar.</li>\n 	<li><em><strong>Entornos Comerciales:</strong></em> En aplicaciones comerciales, donde la estabilidad y la durabilidad son cruciales, este juego garantiza conexiones eléctricas que cumplen con los estándares más exigentes.</li>\n 	<li><em><strong>Instalaciones Industriales:</strong></em> Su robustez y resistencia lo hacen perfecto para entornos industriales, donde las condiciones adversas requieren soluciones eléctricas de alta calidad.</li>\n 	<li><em><strong>Proyectos de Cableado:</strong></em> Esencial en proyectos de cableado, este juego ofrece una solución completa para establecer conexiones eléctricas eficientes y duraderas.</li>\n</ul>",0,1100,1,https://electrificadoracapital.com/wp-content/uploads/2021/02/WhatsApp-Image-2021-02-05-at-11.03.55-AM-3.jpeg,Juego de Boquilla de 1/2 Bushing,Juego de Boquilla de 12 Bushing Descripción del Producto Juego,"Descubre Juego de Boquilla de 1/2 Bushing, ideal para Tubería Metálica. Material: Acero galvanizado EMT 2400Cantidad de salidas: 7 salidas roscadasRoscado... Encuentra la solución perfecta para tus necesidades con nuestras opciones versátiles."
JUEBOQ1,"Juego de Boquilla de 1"" Bushing","<p class=""whitespace-pre-wrap""><strong>Material:</strong> Acero galvanizado EMT 2400</p><p class=""whitespace-pre-wrap""><strong>Cantidad de salidas:</strong> 7 salidas roscadas</p><p class=""whitespace-pre-wrap""><strong>Roscado de salidas:</strong> NPT 1/2""</p><strong>Certificación:</strong> UL 514A","<strong>Descripción del Producto: Juego de Boquilla de Bushing para Conexiones Eléctricas</strong>\n\nEl <em><strong>Juego de Boquilla de Bushing</strong></em> se presenta como una solución integral y altamente confiable para satisfacer las demandas de conexiones eléctricas en diversos entornos. Este conjunto de boquillas y bushings destaca por su calidad superior y su diseño robusto, asegurando un rendimiento duradero en una amplia gama de aplicaciones eléctricas.\n\nEste juego, compuesto por componentes meticulosamente fabricados, ofrece una respuesta eficaz para quienes buscan establecer conexiones eléctricas seguras y duraderas. La versatilidad del juego se refleja en su capacidad para adaptarse a diferentes contextos, desde proyectos residenciales hasta entornos industriales exigentes.\n\n<strong>Aplicaciones del Producto:</strong>\n<ul>\n 	<li><em><strong>Proyectos Residenciales:</strong></em> El <em><strong>Juego de Boquilla de Bushing</strong></em> es ideal para proyectos residenciales, asegurando conexiones eléctricas seguras y confiables en el entorno del hogar.</li>\n 	<li><em><strong>Entornos Comerciales:</strong></em> En aplicaciones comerciales, donde la estabilidad y la durabilidad son cruciales, este juego garantiza conexiones eléctricas que cumplen con los estándares más exigentes.</li>\n 	<li><em><strong>Instalaciones Industriales:</strong></em> Su robustez y resistencia lo hacen perfecto para entornos industriales, donde las condiciones adversas requieren soluciones eléctricas de alta calidad.</li>\n 	<li><em><strong>Proyectos de Cableado:</strong></em> Esencial en proyectos de cableado, este juego ofrece una solución completa para establecer conexiones eléctricas eficientes y duraderas.</li>\n</ul>",0,2500,1,https://electrificadoracapital.com/wp-content/uploads/2021/02/WhatsApp-Image-2021-02-05-at-11.03.55-AM-3.jpeg,"Juego de Boquilla de 1"" Bushing",Juego de Boquilla de 1 Bushing Descripción del Producto Juego,"Descubre Juego de Boquilla de 1"" Bushing, ideal para Tubería Metálica. Material: Acero galvanizado EMT 2400Cantidad de salidas: 7 salidas roscadasRoscado... Encuentra la solución perfecta para tus necesidades con nuestras opciones versátiles."
JUEBOQ11/2,Juego de Boquilla de 1 1/2 Bushing,"<p class=""whitespace-pre-wrap""><strong>Material:</strong> Acero galvanizado EMT 2400</p><p class=""whitespace-pre-wrap""><strong>Cantidad de salidas:</strong> 7 salidas roscadas</p><p class=""whitespace-pre-wrap""><strong>Roscado de salidas:</strong> NPT 1/2""</p><strong>Certificación:</strong> UL 514A","<strong>Descripción del Producto: Juego de Boquilla de Bushing para Conexiones Eléctricas</strong>\n\nEl <em><strong>Juego de Boquilla de Bushing</strong></em> se presenta como una solución integral y altamente confiable para satisfacer las demandas de conexiones eléctricas en diversos entornos. Este conjunto de boquillas y bushings destaca por su calidad superior y su diseño robusto, asegurando un rendimiento duradero en una amplia gama de aplicaciones eléctricas.\n\nEste juego, compuesto por componentes meticulosamente fabricados, ofrece una respuesta eficaz para quienes buscan establecer conexiones eléctricas seguras y duraderas. La versatilidad del juego se refleja en su capacidad para adaptarse a diferentes contextos, desde proyectos residenciales hasta entornos industriales exigentes.\n\n<strong>Aplicaciones del Producto:</strong>\n<ul>\n 	<li><em><strong>Proyectos Residenciales:</strong></em> El <em><strong>Juego de Boquilla de Bushing</strong></em> es ideal para proyectos residenciales, asegurando conexiones eléctricas seguras y confiables en el entorno del hogar.</li>\n 	<li><em><strong>Entornos Comerciales:</strong></em> En aplicaciones comerciales, donde la estabilidad y la durabilidad son cruciales, este juego garantiza conexiones eléctricas que cumplen con los estándares más exigentes.</li>\n 	<li><em><strong>Instalaciones Industriales:</strong></em> Su robustez y resistencia lo hacen perfecto para entornos industriales, donde las condiciones adversas requieren soluciones eléctricas de alta calidad.</li>\n 	<li><em><strong>Proyectos de Cableado:</strong></em> Esencial en proyectos de cableado, este juego ofrece una solución completa para establecer conexiones eléctricas eficientes y duraderas.</li>\n</ul>",0,4250,1,https://electrificadoracapital.com/wp-content/uploads/2021/02/WhatsApp-Image-2021-02-05-at-11.03.55-AM-3.jpeg,Juego de Boquilla de 1 1/2 Bushing,Juego de Boquilla de 1 12 Bushing Descripción del Producto,"Descubre Juego de Boquilla de 1 1/2 Bushing, ideal para Tubería Metálica. Material: Acero galvanizado EMT 2400Cantidad de salidas: 7 salidas roscadasRoscado... Encuentra la solución perfecta para tus necesidades con nuestras opciones versátiles."
